CREATE TABLE STUDENT2 (
    SID NUMBER(6) NOT NULL,
    SLName VARCHAR2(30),
    SFName VARCHAR2(30),
    SGender CHAR(1),
    SDOB DATE,
    SCategory VARCHAR2(6),
    PRIMARY KEY (SID)
);

CREATE TABLE SUBJECT2 (
    UCode CHAR(5) NOT NULL,
    UTitle VARCHAR2(30),
    UCredit NUMBER(3),
    PRIMARY KEY (UCode)
);

CREATE TABLE OFFERING2 (
    OID NUMBER(6) NOT NULL,
    OYear NUMBER(4),
    OSem NUMBER(1),
    OCampus VARCHAR2(20),
    OMode CHAR(1),
    UCode CHAR(5),
    PRIMARY KEY (OID),
    CONSTRAINT fk_subject2
        FOREIGN KEY (UCode)
        REFERENCES SUBJECT2(UCode)
);

CREATE TABLE ENROLMENT2 (
    SID NUMBER(6) NOT NULL,
    OID NUMBER(6) NOT NULL,
    Score NUMBER(3),
    Grade VARCHAR2(2),
    PRIMARY KEY (SID, OID),
    CONSTRAINT fk_student2
        FOREIGN KEY (SID)
        REFERENCES STUDENT2(SID),
    CONSTRAINT fk_offering2
        FOREIGN KEY (OID)
        REFERENCES OFFERING2(OID)
);

INSERT INTO STUDENT2 VALUES (10001, 'Tan', 'Mirriam', 'F', TO_DATE('19-JUL-1981'), 112);
INSERT INTO STUDENT2 VALUES (10002, 'Murray', 'Juan', 'M', TO_DATE('10-JUN-1983'), 211);
INSERT INTO STUDENT2 VALUES (10003, 'Lay', 'Andy', 'M', TO_DATE('19-FEB-1986'), 211);
INSERT INTO STUDENT2 VALUES (10004, 'Wright', 'Allan', 'F', TO_DATE('29-JAN-1983'), 211);
INSERT INTO STUDENT2 VALUES (10005, 'Simon', 'Ally', 'F', TO_DATE('24-AUG-1983'), 112);
INSERT INTO STUDENT2 VALUES (10006, 'Smith', 'Ben', 'M', TO_DATE('09-JUL-1987'), 211);
INSERT INTO STUDENT2 VALUES (10007, 'Brown', 'Kate', 'F', TO_DATE('19-OCT-1972'), 112);
INSERT INTO STUDENT2 VALUES (10008, 'Miller', 'Larry', 'M', TO_DATE('22-JUL-1973'), 211);
INSERT INTO STUDENT2 VALUES (10009, 'Smith', 'Leonard', 'M', TO_DATE('26-MAY-1985'), 211);
INSERT INTO STUDENT2 VALUES (10010, 'Brown', 'Menson', 'M', TO_DATE('12-JUL-1983'), 112);

INSERT INTO SUBJECT2 VALUES ('IT001', 'Database', 5);
INSERT INTO SUBJECT2 VALUES ('IT002', 'Java', 5);
INSERT INTO SUBJECT2 VALUES ('IT003', 'SAP', 10);
INSERT INTO SUBJECT2 VALUES ('IT004', 'Network', 5);
INSERT INTO SUBJECT2 VALUES ('IT005', 'ASP.net', 5);

INSERT INTO OFFERING2 VALUES (1, 2009, 1, 'Main', 'D', 'IT001');
INSERT INTO OFFERING2 VALUES (2, 2009, 2, 'City', 'E', 'IT001');
INSERT INTO OFFERING2 VALUES (3, 2009, 2, 'DE', 'E', 'IT004');
INSERT INTO OFFERING2 VALUES (4, 2009, 2, 'Main', 'D', 'IT002');
INSERT INTO OFFERING2 VALUES (5, 2009, 1, 'City', 'E', 'IT003');
INSERT INTO OFFERING2 VALUES (6, 2009, 1, 'Main', 'E', 'IT002');
INSERT INTO OFFERING2 VALUES (7, 2010, 1, 'Main', 'D', 'IT001');
INSERT INTO OFFERING2 VALUES (8, 2010, 2, 'City', 'E', 'IT001');
INSERT INTO OFFERING2 VALUES (9, 2010, 2, 'DE', 'E', 'IT004');
INSERT INTO OFFERING2 VALUES (10, 2010, 2, 'City', 'D', 'IT002');
INSERT INTO OFFERING2 VALUES (11, 2010, 1, 'City', 'E', 'IT003');
INSERT INTO OFFERING2 VALUES (12, 2010, 1, 'Main', 'E', 'IT002');

INSERT INTO ENROLMENT2 VALUES (10001, 1, 81, 'HD');
INSERT INTO ENROLMENT2 VALUES (10001, 4, 78, 'D');
INSERT INTO ENROLMENT2 VALUES (10002, 2, 64, 'D');
INSERT INTO ENROLMENT2 VALUES (10002, 3, 53, 'P');
INSERT INTO ENROLMENT2 VALUES (10003, 2, 32, 'N');
INSERT INTO ENROLMENT2 VALUES (10004, 1, 41, 'N');
INSERT INTO ENROLMENT2 VALUES (10005, 5, 63, 'C');
INSERT INTO ENROLMENT2 VALUES (10006, 4, 73, 'D');
INSERT INTO ENROLMENT2 VALUES (10006, 1, 73, 'D');
INSERT INTO ENROLMENT2 VALUES (10007, 1, 85, 'HD');
INSERT INTO ENROLMENT2 VALUES (10008, 1, 87, 'HD');
INSERT INTO ENROLMENT2 VALUES (10008, 4, 64, 'C');
INSERT INTO ENROLMENT2 VALUES (10009, 1, 75, 'D');
INSERT INTO ENROLMENT2 VALUES (10010, 3, 52, 'P');
INSERT INTO ENROLMENT2 VALUES (10005, 6, 65, 'C');
INSERT INTO ENROLMENT2 VALUES (10010, 6, 47, 'N');
